{
  "benchmark": "LTBA general benchmark v4",
  "claim": "LTBA preserves local branch provenance and avoids explicit global branch materialization.",
  "rows": [
    {
      "bdd_build_time": 7.429998368024826e-05,
      "bdd_path_count": 1,
      "bdd_rewrite_all_time": 1.0,
      "bdd_rewrite_one_time": 1.0,
      "explicit_actual_branch_count": 1,
      "explicit_build_time": 1.500011421740055e-06,
      "explicit_rewrite_all_time": 3.00002284348011e-07,
      "explicit_rewrite_one_time": 8.00006091594696e-07,
      "fair_amortized_time_bdd": 1.0000742999836802,
      "fair_amortized_time_explicit": 2.300017513334751e-06,
      "fair_amortized_time_ltba": 3.060000017285347e-05,
      "family": "LTBA-0",
      "ltba_build_time": 2.8199981898069382e-05,
      "ltba_repr_size": 13,
      "ltba_rewrite_all_time": 6.00004568696022e-07,
      "ltba_rewrite_one_time": 2.400018274784088e-06,
      "n": 1,
      "winner_fair_amortized": "explicit"
    },
    {
      "bdd_build_time": 1.5600002370774746e-05,
      "bdd_path_count": 1,
      "bdd_rewrite_all_time": 1.0,
      "bdd_rewrite_one_time": 1.0,
      "explicit_actual_branch_count": 1,
      "explicit_build_time": 2.3999600671231747e-06,
      "explicit_rewrite_all_time": 5.00003807246685e-07,
      "explicit_rewrite_one_time": 1.600012183189392e-06,
      "fair_amortized_time_bdd": 1.0000156000023708,
      "fair_amortized_time_explicit": 3.999972250312567e-06,
      "fair_amortized_time_ltba": 1.1699972674250603e-05,
      "family": "LTBA-0",
      "ltba_build_time": 8.700008038431406e-06,
      "ltba_repr_size": 29,
      "ltba_rewrite_all_time": 1.300009898841381e-06,
      "ltba_rewrite_one_time": 2.9999646358191967e-06,
      "n": 2,
      "winner_fair_amortized": "explicit"
    },
    {
      "bdd_build_time": 6.499991286545992e-06,
      "bdd_path_count": 1,
      "bdd_rewrite_all_time": 1.0,
      "bdd_rewrite_one_time": 1.0,
      "explicit_actual_branch_count": 1,
      "explicit_build_time": 9.00006853044033e-07,
      "explicit_rewrite_all_time": 2.00001522898674e-07,
      "explicit_rewrite_one_time": 7.00005330145359e-07,
      "fair_amortized_time_bdd": 1.0000064999912865,
      "fair_amortized_time_explicit": 1.600012183189392e-06,
      "fair_amortized_time_ltba": 4.599976819008589e-06,
      "family": "LTBA-0",
      "ltba_build_time": 3.5999692045152187e-06,
      "ltba_repr_size": 61,
      "ltba_rewrite_all_time": 5.00003807246685e-07,
      "ltba_rewrite_one_time": 1.00000761449337e-06,
      "n": 4,
      "winner_fair_amortized": "explicit"
    },
    {
      "bdd_build_time": 5.099980626255274e-06,
      "bdd_path_count": 1,
      "bdd_rewrite_all_time": 1.0,
      "bdd_rewrite_one_time": 1.0,
      "explicit_actual_branch_count": 1,
      "explicit_build_time": 5.00003807246685e-07,
      "explicit_rewrite_all_time": 1.00000761449337e-07,
      "explicit_rewrite_one_time": 5.00003807246685e-07,
      "fair_amortized_time_bdd": 1.0000050999806263,
      "fair_amortized_time_explicit": 1.00000761449337e-06,
      "fair_amortized_time_ltba": 5.499983672052622e-06,
      "family": "LTBA-0",
      "ltba_build_time": 4.799978341907263e-06,
      "ltba_repr_size": 125,
      "ltba_rewrite_all_time": 4.00003045797348e-07,
      "ltba_rewrite_one_time": 7.00005330145359e-07,
      "n": 8,
      "winner_fair_amortized": "explicit"
    },
    {
      "bdd_build_time": 6.709998706355691e-05,
      "bdd_path_count": 2,
      "bdd_rewrite_all_time": 2.0,
      "bdd_rewrite_one_time": 0.5,
      "explicit_actual_branch_count": 2,
      "explicit_build_time": 1.5300000086426735e-05,
      "explicit_rewrite_all_time": 2.00001522898674e-07,
      "explicit_rewrite_one_time": 2.900022082030773e-06,
      "fair_amortized_time_bdd": 0.5000335499935318,
      "fair_amortized_time_explicit": 1.055002212524414e-05,
      "fair_amortized_time_ltba": 1.8749997252598405e-05,
      "family": "LTBA-1",
      "ltba_build_time": 2.0499981474131346e-05,
      "ltba_repr_size": 49,
      "ltba_rewrite_all_time": 6.099988240748644e-06,
      "ltba_rewrite_one_time": 8.500006515532732e-06,
      "n": 1,
      "winner_fair_amortized": "explicit"
    },
    {
      "bdd_build_time": 9.869999485090375e-05,
      "bdd_path_count": 4,
      "bdd_rewrite_all_time": 4.0,
      "bdd_rewrite_one_time": 0.25,
      "explicit_actual_branch_count": 4,
      "explicit_build_time": 1.5199999324977398e-05,
      "explicit_rewrite_all_time": 2.00001522898674e-07,
      "explicit_rewrite_one_time": 2.700020559132099e-06,
      "fair_amortized_time_bdd": 0.2500246749987127,
      "fair_amortized_time_explicit": 6.500020390376449e-06,
      "fair_amortized_time_ltba": 8.224975317716599e-06,
      "family": "LTBA-1",
      "ltba_build_time": 1.5300000086426735e-05,
      "ltba_repr_size": 101,
      "ltba_rewrite_all_time": 5.399982910603285e-06,
      "ltba_rewrite_one_time": 4.399975296109915e-06,
      "n": 2,
      "winner_fair_amortized": "explicit"
    },
    {
      "bdd_build_time": 0.0005197999998927116,
      "bdd_path_count": 16,
      "bdd_rewrite_all_time": 16.0,
      "bdd_rewrite_one_time": 0.0625,
      "explicit_actual_branch_count": 16,
      "explicit_build_time": 2.7200032491236925e-05,
      "explicit_rewrite_all_time": 2.00001522898674e-07,
      "explicit_rewrite_one_time": 5.499983672052622e-06,
      "fair_amortized_time_bdd": 0.0625324874999933,
      "fair_amortized_time_explicit": 7.19998570275493e-06,
      "fair_amortized_time_ltba": 6.13122756476514e-06,
      "family": "LTBA-1",
      "ltba_build_time": 2.2899999748915434e-05,
      "ltba_repr_size": 205,
      "ltba_rewrite_all_time": 1.0500021744519472e-05,
      "ltba_rewrite_one_time": 4.699977580457926e-06,
      "n": 4,
      "winner_fair_amortized": "ltba"
    },
    {
      "bdd_build_time": 0.007814300013706088,
      "bdd_path_count": 256,
      "bdd_rewrite_all_time": 256.0,
      "bdd_rewrite_one_time": 0.00390625,
      "explicit_actual_branch_count": 256,
      "explicit_build_time": 0.0005865999846719205,
      "explicit_rewrite_all_time": 3.00002284348011e-07,
      "explicit_rewrite_one_time": 6.48999703116715e-05,
      "fair_amortized_time_bdd": 0.003936774609428539,
      "fair_amortized_time_explicit": 6.719137650179619e-05,
      "fair_amortized_time_ltba": 5.548869239646592e-06,
      "family": "LTBA-1",
      "ltba_build_time": 3.809999907389283e-05,
      "ltba_repr_size": 413,
      "ltba_rewrite_all_time": 1.750001683831215e-05,
      "ltba_rewrite_one_time": 5.400041118264198e-06,
      "n": 8,
      "winner_fair_amortized": "ltba"
    },
    {
      "bdd_build_time": 2.3600005079060793e-05,
      "bdd_path_count": 2,
      "bdd_rewrite_all_time": 2.0,
      "bdd_rewrite_one_time": 0.5,
      "explicit_actual_branch_count": 2,
      "explicit_build_time": 3.900029696524143e-06,
      "explicit_rewrite_all_time": 1.00000761449337e-07,
      "explicit_rewrite_one_time": 1.4999532140791416e-06,
      "fair_amortized_time_bdd": 0.5000118000025395,
      "fair_amortized_time_explicit": 3.4499680623412132e-06,
      "fair_amortized_time_ltba": 8.850009180605412e-06,
      "family": "LTBA-2",
      "ltba_build_time": 9.699957445263863e-06,
      "ltba_repr_size": 64,
      "ltba_rewrite_all_time": 1.6999547369778156e-06,
      "ltba_rewrite_one_time": 4.00003045797348e-06,
      "n": 1,
      "winner_fair_amortized": "explicit"
    },
    {
      "bdd_build_time": 5.5999960750341415e-05,
      "bdd_path_count": 4,
      "bdd_rewrite_all_time": 4.0,
      "bdd_rewrite_one_time": 0.25,
      "explicit_actual_branch_count": 4,
      "explicit_build_time": 5.099980626255274e-06,
      "explicit_rewrite_all_time": 1.00000761449337e-07,
      "explicit_rewrite_one_time": 1.500011421740055e-06,